{
  "versions": [],
  "score_history": [
    {
      "version": 7,
      "score": 0.7105555555555555
    },
    {
      "version": 8,
      "score": 0.7639351851851852,
      "improvement": 0.053
    },
    {
      "version": 9,
      "score": 0.8383796296296296,
      "improvement": 0.074
    },
    {
      "version": 10,
      "score": 0.8467129629629631,
      "improvement": 0.008
    }
  ],
  "target_score": 0.9
}